order_num,tracking_num,pck_recieved_date,package_deliver_date,status,address,last_update_timestamp
1001,TRK1001,2023-01-03,2023-01-06,In Transit,123 Elm St,2023-01-03 16:09:16
1002,TRK1002,2023-01-03,2023-01-06,Delayed,789 Pine St,2023-01-03 07:36:58
1003,TRK1003,2023-01-03,2023-01-05,Delivered,123 Elm St,2023-01-03 10:09:30
1004,TRK1004,2023-01-03,2023-01-05,Returned,202 Birch Rd,2023-01-03 07:55:24
1005,TRK1005,2023-01-03,2023-01-05,Delivered,101 Maple Ave,2023-01-03 09:20:09
1006,TRK1006,2023-01-03,2023-01-06,Out for Delivery,202 Birch Rd,2023-01-03 17:01:20